10.jpg;[[0.00177001953125, 0.0, 0.0, 0.0, 0.533203125, 0.4622802734375, 0.0, 0.00274658203125], [0.0032958984375, 0.0, 0.0, 0.0, 0.4666748046875, 0.52325439453125, 0.0, 0.00677490234375], [0.01141357421875, 0.0, 0.0, 0.0, 0.17071533203125, 0.79156494140625, 0.0, 0.02630615234375], [0.0230712890625, 0.00537109375, 0.00482177734375, 0.0462646484375, 0.2064208984375, 0.6922607421875, 6.103515625e-05, 0.021728515625], [0, 0, 0, 0, 0, 0, 0, 0], [0, 0, 0, 0, 0, 0, 0, 0], [0, 0, 0, 0, 0, 0, 0, 0], [0, 0, 0, 0, 0, 0, 0, 0], [0, 0, 0, 0, 0, 0, 0, 0], [0, 0, 0, 0, 0, 0, 0, 0], [0, 0, 0, 0, 0, 0, 0, 0], [0, 0, 0, 0, 0, 0, 0, 0], [0, 0, 0, 0, 0, 0, 0, 0], [0, 0, 0, 0, 0, 0, 0, 0], [0, 0, 0, 0, 0, 0, 0, 0], [0, 0, 0, 0, 0, 0, 0, 0]];[[0.01348876953125, 0.54034423828125, 0.4461669921875], [0.0032958984375, 0.43072509765625, 0.56597900390625], [0.01519775390625, 0.7698974609375, 0.21490478515625], [0.05902099609375, 0.80450439453125, 0.136474609375], [0, 0, 0], [0, 0, 0], [0, 0, 0], [0, 0, 0], [0, 0, 0], [0, 0, 0], [0, 0, 0], [0, 0, 0], [0, 0, 0], [0, 0, 0], [0, 0, 0], [0, 0, 0]];[[0.02362060546875, 0.6417236328125, 0.33465576171875], [0.02978515625, 0.88006591796875, 0.09014892578125], [0.11688232421875, 0.70928955078125, 0.173828125], [0.319580078125, 0.6473388671875, 0.0330810546875], [0, 0, 0], [0, 0, 0], [0, 0, 0], [0, 0, 0], [0, 0, 0], [0, 0, 0], [0, 0, 0], [0, 0, 0], [0, 0, 0], [0, 0, 0], [0, 0, 0], [0, 0, 0]]
11.jpg;[[0.0069580078125, 0.0006103515625, 0.00042724609375, 0.0010986328125, 0.04351806640625, 0.93975830078125, 0.0006103515625, 0.00701904296875], [0.04437255859375, 0.0020751953125, 0.00048828125, 0.0047607421875, 0.1021728515625, 0.82354736328125, 0.00433349609375, 0.01824951171875], [0.05224609375, 0.00341796875, 0.00048828125, 0.00830078125, 0.11151123046875, 0.81048583984375, 0.0054931640625, 0.008056640625], [0.0283203125, 0.00360107421875, 0.0013427734375, 0.007080078125, 0.04815673828125, 0.90399169921875, 0.0020751953125, 0.00543212890625], [0, 0, 0, 0, 0, 0, 0, 0], [0, 0, 0, 0, 0, 0, 0, 0], [0, 0, 0, 0, 0, 0, 0, 0], [0, 0, 0, 0, 0, 0, 0, 0], [0, 0, 0, 0, 0, 0, 0, 0], [0, 0, 0, 0, 0, 0, 0, 0], [0, 0, 0, 0, 0, 0, 0, 0], [0, 0, 0, 0, 0, 0, 0, 0], [0, 0, 0, 0, 0, 0, 0, 0], [0, 0, 0, 0, 0, 0, 0, 0], [0, 0, 0, 0, 0, 0, 0, 0], [0, 0, 0, 0, 0, 0, 0, 0]];[[0.19219970703125, 0.78985595703125, 0.0179443359375], [0.21343994140625, 0.736083984375, 0.05047607421875], [0.20751953125, 0.72430419921875, 0.06817626953125], [0.3482666015625, 0.6240234375, 0.0277099609375], [0, 0, 0], [0, 0, 0], [0, 0, 0], [0, 0, 0], [0, 0, 0], [0, 0, 0], [0, 0, 0], [0, 0, 0], [0, 0, 0], [0, 0, 0], [0, 0, 0], [0, 0, 0]];[[0.1072998046875, 0.78302001953125, 0.10968017578125], [0.3330078125, 0.62506103515625, 0.04193115234375], [0.3939208984375, 0.540283203125, 0.0657958984375], [0.233154296875, 0.654296875, 0.112548828125], [0, 0, 0], [0, 0, 0], [0, 0, 0], [0, 0, 0], [0, 0, 0], [0, 0, 0], [0, 0, 0], [0, 0, 0], [0, 0, 0], [0, 0, 0], [0, 0, 0], [0, 0, 0]]
12.jpg;[[0.03179931640625, 0.03021240234375, 0.35614013671875, 0.00469970703125, 0.0001220703125, 0.538330078125, 0.0194091796875, 0.019287109375], [0.0054931640625, 0.01739501953125, 0.25775146484375, 0.00225830078125, 0.0006103515625, 0.7010498046875, 0.0096435546875, 0.00579833984375], [0.03558349609375, 0.00079345703125, 0.0006103515625, 0.00689697265625, 0.01348876953125, 0.908203125, 0.02471923828125, 0.00970458984375], [0.1500244140625, 0.23956298828125, 0.1336669921875, 0.01141357421875, 0.00164794921875, 0.4093017578125, 0.0169677734375, 0.03741455078125], [0, 0, 0, 0, 0, 0, 0, 0], [0, 0, 0, 0, 0, 0, 0, 0], [0, 0, 0, 0, 0, 0, 0, 0], [0, 0, 0, 0, 0, 0, 0, 0], [0, 0, 0, 0, 0, 0, 0, 0], [0, 0, 0, 0, 0, 0, 0, 0], [0, 0, 0, 0, 0, 0, 0, 0], [0, 0, 0, 0, 0, 0, 0, 0], [0, 0, 0, 0, 0, 0, 0, 0], [0, 0, 0, 0, 0, 0, 0, 0], [0, 0, 0, 0, 0, 0, 0, 0], [0, 0, 0, 0, 0, 0, 0, 0]];[[0.2772216796875, 0.72271728515625, 6.103515625e-05], [0.17041015625, 0.82958984375, 0.0], [0.89251708984375, 0.10748291015625, 0.0], [0.97601318359375, 0.02398681640625, 0.0], [0, 0, 0], [0, 0, 0], [0, 0, 0], [0, 0, 0], [0, 0, 0], [0, 0, 0], [0, 0, 0], [0, 0, 0], [0, 0, 0], [0, 0, 0], [0, 0, 0], [0, 0, 0]];[[0.00360107421875, 0.87652587890625, 0.119873046875], [0.000244140625, 0.45318603515625, 0.54656982421875], [0.0, 0.0897216796875, 0.9102783203125], [0.0, 0.0323486328125, 0.9676513671875], [0, 0, 0], [0, 0, 0], [0, 0, 0], [0, 0, 0], [0, 0, 0], [0, 0, 0], [0, 0, 0], [0, 0, 0], [0, 0, 0], [0, 0, 0], [0, 0, 0], [0, 0, 0]]
13.jpg;[[0.0, 0.0, 0.0, 0.0, 0.14739990234375, 0.8226318359375, 0.0, 0.02996826171875], [0.01153564453125, 0.0001220703125, 0.0, 0.00054931640625, 0.33941650390625, 0.645751953125, 0.0, 0.00262451171875], [6.103515625e-05, 0.0, 0.0, 0.0, 0.00250244140625, 0.9974365234375, 0.0, 0.0], [0.0, 0.0, 0.0, 0.0, 0.0, 1.0, 0.0, 0.0], [0, 0, 0, 0, 0, 0, 0, 0], [0, 0, 0, 0, 0, 0, 0, 0], [0, 0, 0, 0, 0, 0, 0, 0], [0, 0, 0, 0, 0, 0, 0, 0], [0, 0, 0, 0, 0, 0, 0, 0], [0, 0, 0, 0, 0, 0, 0, 0], [0, 0, 0, 0, 0, 0, 0, 0], [0, 0, 0, 0, 0, 0, 0, 0], [0, 0, 0, 0, 0, 0, 0, 0], [0, 0, 0, 0, 0, 0, 0, 0], [0, 0, 0, 0, 0, 0, 0, 0], [0, 0, 0, 0, 0, 0, 0, 0]];[[0.25042724609375, 0.70318603515625, 0.04638671875], [0.56976318359375, 0.40093994140625, 0.029296875], [0.060546875, 0.93878173828125, 0.00067138671875], [0.00933837890625, 0.9892578125, 0.00140380859375], [0, 0, 0], [0, 0, 0], [0, 0, 0], [0, 0, 0], [0, 0, 0], [0, 0, 0], [0, 0, 0], [0, 0, 0], [0, 0, 0], [0, 0, 0], [0, 0, 0], [0, 0, 0]];[[0.0, 0.95196533203125, 0.04803466796875], [0.0, 0.58233642578125, 0.41766357421875], [0.0, 0.04229736328125, 0.95770263671875], [0.0, 0.0179443359375, 0.9820556640625], [0, 0, 0], [0, 0, 0], [0, 0, 0], [0, 0, 0], [0, 0, 0], [0, 0, 0], [0, 0, 0], [0, 0, 0], [0, 0, 0], [0, 0, 0], [0, 0, 0], [0, 0, 0]]
14.jpg;[[0.0, 0.0, 0.0, 0.0, 0.0, 1.0, 0.0, 0.0], [0.0, 0.0, 0.0, 0.0, 0.0, 1.0, 0.0, 0.0], [0.0, 0.0, 0.0, 0.0, 0.0003662109375, 0.9971923828125, 0.00244140625, 0.0], [0.00018310546875, 0.0, 0.0, 0.0, 0.0, 0.9990234375, 0.00079345703125, 0.0], [0, 0, 0, 0, 0, 0, 0, 0], [0, 0, 0, 0, 0, 0, 0, 0], [0, 0, 0, 0, 0, 0, 0, 0], [0, 0, 0, 0, 0, 0, 0, 0], [0, 0, 0, 0, 0, 0, 0, 0], [0, 0, 0, 0, 0, 0, 0, 0], [0, 0, 0, 0, 0, 0, 0, 0], [0, 0, 0, 0, 0, 0, 0, 0], [0, 0, 0, 0, 0, 0, 0, 0], [0, 0, 0, 0, 0, 0, 0, 0], [0, 0, 0, 0, 0, 0, 0, 0], [0, 0, 0, 0, 0, 0, 0, 0]];[[0.10211181640625, 0.89459228515625, 0.0032958984375], [0.2257080078125, 0.7740478515625, 0.000244140625], [0.3297119140625, 0.6702880859375, 0.0], [0.22344970703125, 0.76861572265625, 0.0079345703125], [0, 0, 0], [0, 0, 0], [0, 0, 0], [0, 0, 0], [0, 0, 0], [0, 0, 0], [0, 0, 0], [0, 0, 0], [0, 0, 0], [0, 0, 0], [0, 0, 0], [0, 0, 0]];[[0.0526123046875, 0.919921875, 0.0274658203125], [0.0001220703125, 0.81903076171875, 0.18084716796875], [0.0, 0.62823486328125, 0.37176513671875], [0.0, 0.42840576171875, 0.57159423828125], [0, 0, 0], [0, 0, 0], [0, 0, 0], [0, 0, 0], [0, 0, 0], [0, 0, 0], [0, 0, 0], [0, 0, 0], [0, 0, 0], [0, 0, 0], [0, 0, 0], [0, 0, 0]]
15.jpg;[[0.0020751953125, 0.001953125, 0.0302734375, 0.31243896484375, 0.64556884765625, 0.00213623046875, 6.103515625e-05, 0.0054931640625], [0.01910400390625, 0.014404296875, 0.03515625, 0.63897705078125, 0.2265625, 0.06268310546875, 0.0001220703125, 0.00299072265625], [0.0103759765625, 0.052978515625, 0.16351318359375, 0.64581298828125, 0.111328125, 0.0018310546875, 0.0, 0.01416015625], [0.02069091796875, 0.0, 0.0, 0.5299072265625, 0.42828369140625, 0.01861572265625, 0.0, 0.00250244140625], [0, 0, 0, 0, 0, 0, 0, 0], [0, 0, 0, 0, 0, 0, 0, 0], [0, 0, 0, 0, 0, 0, 0, 0], [0, 0, 0, 0, 0, 0, 0, 0], [0, 0, 0, 0, 0, 0, 0, 0], [0, 0, 0, 0, 0, 0, 0, 0], [0, 0, 0, 0, 0, 0, 0, 0], [0, 0, 0, 0, 0, 0, 0, 0], [0, 0, 0, 0, 0, 0, 0, 0], [0, 0, 0, 0, 0, 0, 0, 0], [0, 0, 0, 0, 0, 0, 0, 0], [0, 0, 0, 0, 0, 0, 0, 0]];[[0.15313720703125, 0.84686279296875, 0.0], [0.5472412109375, 0.4527587890625, 0.0], [0.62322998046875, 0.37677001953125, 0.0], [0.44439697265625, 0.55560302734375, 0.0], [0, 0, 0], [0, 0, 0], [0, 0, 0], [0, 0, 0], [0, 0, 0], [0, 0, 0], [0, 0, 0], [0, 0, 0], [0, 0, 0], [0, 0, 0], [0, 0, 0], [0, 0, 0]];[[0.0, 0.96783447265625, 0.03216552734375], [0.0001220703125, 0.968994140625, 0.0308837890625], [0.040771484375, 0.85992431640625, 0.09930419921875], [0.0, 0.98504638671875, 0.01495361328125], [0, 0, 0], [0, 0, 0], [0, 0, 0], [0, 0, 0], [0, 0, 0], [0, 0, 0], [0, 0, 0], [0, 0, 0], [0, 0, 0], [0, 0, 0], [0, 0, 0], [0, 0, 0]]
16.jpg;[[0.00628662109375, 0.0, 0.0, 0.0, 0.5654296875, 0.423095703125, 0.0, 0.00518798828125], [0.0098876953125, 0.0, 0.0, 0.0, 0.399658203125, 0.5859375, 0.0, 0.0045166015625], [0.0, 0.0, 0.0, 0.0, 0.00091552734375, 0.99871826171875, 0.0, 0.0003662109375], [0.0, 0.0, 0.0, 0.0, 0.0, 1.0, 0.0, 0.0], [0, 0, 0, 0, 0, 0, 0, 0], [0, 0, 0, 0, 0, 0, 0, 0], [0, 0, 0, 0, 0, 0, 0, 0], [0, 0, 0, 0, 0, 0, 0, 0], [0, 0, 0, 0, 0, 0, 0, 0], [0, 0, 0, 0, 0, 0, 0, 0], [0, 0, 0, 0, 0, 0, 0, 0], [0, 0, 0, 0, 0, 0, 0, 0], [0, 0, 0, 0, 0, 0, 0, 0], [0, 0, 0, 0, 0, 0, 0, 0], [0, 0, 0, 0, 0, 0, 0, 0], [0, 0, 0, 0, 0, 0, 0, 0]];[[0.0133056640625, 0.9417724609375, 0.044921875], [0.01031494140625, 0.95758056640625, 0.0321044921875], [0.0018310546875, 0.950927734375, 0.0472412109375], [0.1014404296875, 0.85919189453125, 0.03936767578125], [0, 0, 0], [0, 0, 0], [0, 0, 0], [0, 0, 0], [0, 0, 0], [0, 0, 0], [0, 0, 0], [0, 0, 0], [0, 0, 0], [0, 0, 0], [0, 0, 0], [0, 0, 0]];[[0.00042724609375, 0.89044189453125, 0.109130859375], [0.00360107421875, 0.80816650390625, 0.188232421875], [0.006591796875, 0.87841796875, 0.114990234375], [0.0740966796875, 0.914794921875, 0.0111083984375], [0, 0, 0], [0, 0, 0], [0, 0, 0], [0, 0, 0], [0, 0, 0], [0, 0, 0], [0, 0, 0], [0, 0, 0], [0, 0, 0], [0, 0, 0], [0, 0, 0], [0, 0, 0]]
17.jpg;[[0.0372314453125, 0.00860595703125, 0.00262451171875, 0.00494384765625, 0.0179443359375, 0.9222412109375, 0.00189208984375, 0.0045166015625], [0.1275634765625, 0.0103759765625, 0.0064697265625, 0.03204345703125, 0.04754638671875, 0.76324462890625, 0.0035400390625, 0.00921630859375], [0.02056884765625, 0.0040283203125, 0.0, 0.00103759765625, 0.0064697265625, 0.96728515625, 0.0, 0.0006103515625], [0.00494384765625, 0.00018310546875, 0.0, 0.00079345703125, 0.0035400390625, 0.99053955078125, 0.0, 0.0], [0, 0, 0, 0, 0, 0, 0, 0], [0, 0, 0, 0, 0, 0, 0, 0], [0, 0, 0, 0, 0, 0, 0, 0], [0, 0, 0, 0, 0, 0, 0, 0], [0, 0, 0, 0, 0, 0, 0, 0], [0, 0, 0, 0, 0, 0, 0, 0], [0, 0, 0, 0, 0, 0, 0, 0], [0, 0, 0, 0, 0, 0, 0, 0], [0, 0, 0, 0, 0, 0, 0, 0], [0, 0, 0, 0, 0, 0, 0, 0], [0, 0, 0, 0, 0, 0, 0, 0], [0, 0, 0, 0, 0, 0, 0, 0]];[[0.431640625, 0.56707763671875, 0.00128173828125], [0.7587890625, 0.240234375, 0.0009765625], [0.14459228515625, 0.850830078125, 0.00457763671875], [0.01544189453125, 0.9793701171875, 0.00518798828125], [0, 0, 0], [0, 0, 0], [0, 0, 0], [0, 0, 0], [0, 0, 0], [0, 0, 0], [0, 0, 0], [0, 0, 0], [0, 0, 0], [0, 0, 0], [0, 0, 0], [0, 0, 0]];[[0.32000732421875, 0.67919921875, 0.00079345703125], [0.48480224609375, 0.51519775390625, 0.0], [0.45269775390625, 0.54718017578125, 0.0001220703125], [0.2158203125, 0.7841796875, 0.0], [0, 0, 0], [0, 0, 0], [0, 0, 0], [0, 0, 0], [0, 0, 0], [0, 0, 0], [0, 0, 0], [0, 0, 0], [0, 0, 0], [0, 0, 0], [0, 0, 0], [0, 0, 0]]
18.jpg;[[0.00787353515625, 0.1390380859375, 0.33135986328125, 0.25762939453125, 0.042236328125, 0.18988037109375, 0.00067138671875, 0.03131103515625], [0.0068359375, 0.0146484375, 0.091796875, 0.2232666015625, 0.52197265625, 0.1307373046875, 0.000244140625, 0.010498046875], [0.008544921875, 0.0479736328125, 0.19232177734375, 0.301513671875, 0.4241943359375, 0.00372314453125, 0.0, 0.021728515625], [0.00140380859375, 0.0028076171875, 0.0269775390625, 0.1300048828125, 0.83331298828125, 0.00091552734375, 0.0, 0.00457763671875], [0, 0, 0, 0, 0, 0, 0, 0], [0, 0, 0, 0, 0, 0, 0, 0], [0, 0, 0, 0, 0, 0, 0, 0], [0, 0, 0, 0, 0, 0, 0, 0], [0, 0, 0, 0, 0, 0, 0, 0], [0, 0, 0, 0, 0, 0, 0, 0], [0, 0, 0, 0, 0, 0, 0, 0], [0, 0, 0, 0, 0, 0, 0, 0], [0, 0, 0, 0, 0, 0, 0, 0], [0, 0, 0, 0, 0, 0, 0, 0], [0, 0, 0, 0, 0, 0, 0, 0], [0, 0, 0, 0, 0, 0, 0, 0]];[[0.18096923828125, 0.81866455078125, 0.0003662109375], [0.201416015625, 0.798583984375, 0.0], [0.11236572265625, 0.8875732421875, 6.103515625e-05], [0.09710693359375, 0.90264892578125, 0.000244140625], [0, 0, 0], [0, 0, 0], [0, 0, 0], [0, 0, 0], [0, 0, 0], [0, 0, 0], [0, 0, 0], [0, 0, 0], [0, 0, 0], [0, 0, 0], [0, 0, 0], [0, 0, 0]];[[0.0089111328125, 0.5899658203125, 0.401123046875], [0.02239990234375, 0.79827880859375, 0.1793212890625], [0.0185546875, 0.70330810546875, 0.27813720703125], [0.0120849609375, 0.87451171875, 0.1134033203125], [0, 0, 0], [0, 0, 0], [0, 0, 0], [0, 0, 0], [0, 0, 0], [0, 0, 0], [0, 0, 0], [0, 0, 0], [0, 0, 0], [0, 0, 0], [0, 0, 0], [0, 0, 0]]
19.jpg;[[0.01055908203125, 0.0, 0.0, 0.0, 0.00103759765625, 0.978271484375, 0.0042724609375, 0.005859375], [0.21868896484375, 0.4039306640625, 0.01904296875, 0.10888671875, 0.00848388671875, 0.23565673828125, 0.0010986328125, 0.00421142578125], [0.09375, 0.5316162109375, 0.0369873046875, 0.01885986328125, 0.009033203125, 0.30718994140625, 0.00067138671875, 0.00189208984375], [0.20440673828125, 0.0816650390625, 0.0050048828125, 0.0096435546875, 0.01617431640625, 0.6195068359375, 0.0008544921875, 0.062744140625], [0, 0, 0, 0, 0, 0, 0, 0], [0, 0, 0, 0, 0, 0, 0, 0], [0, 0, 0, 0, 0, 0, 0, 0], [0, 0, 0, 0, 0, 0, 0, 0], [0, 0, 0, 0, 0, 0, 0, 0], [0, 0, 0, 0, 0, 0, 0, 0], [0, 0, 0, 0, 0, 0, 0, 0], [0, 0, 0, 0, 0, 0, 0, 0], [0, 0, 0, 0, 0, 0, 0, 0], [0, 0, 0, 0, 0, 0, 0, 0], [0, 0, 0, 0, 0, 0, 0, 0], [0, 0, 0, 0, 0, 0, 0, 0]];[[0.799072265625, 0.1942138671875, 0.0067138671875], [0.8424072265625, 0.157470703125, 0.0001220703125], [0.758544921875, 0.241455078125, 0.0], [0.5721435546875, 0.41253662109375, 0.01531982421875], [0, 0, 0], [0, 0, 0], [0, 0, 0], [0, 0, 0], [0, 0, 0], [0, 0, 0], [0, 0, 0], [0, 0, 0], [0, 0, 0], [0, 0, 0], [0, 0, 0], [0, 0, 0]];[[0.00830078125, 0.96826171875, 0.0234375], [0.0, 0.155029296875, 0.844970703125], [0.0, 0.4669189453125, 0.5330810546875], [0.295654296875, 0.69549560546875, 0.00885009765625], [0, 0, 0], [0, 0, 0], [0, 0, 0], [0, 0, 0], [0, 0, 0], [0, 0, 0], [0, 0, 0], [0, 0, 0], [0, 0, 0], [0, 0, 0], [0, 0, 0], [0, 0, 0]]
20.jpg;[[0.1512451171875, 0.09503173828125, 0.4376220703125, 0.11944580078125, 0.01611328125, 0.0958251953125, 0.000244140625, 0.08447265625], [0.03436279296875, 0.00103759765625, 6.103515625e-05, 0.00506591796875, 0.09613037109375, 0.85675048828125, 0.0006103515625, 0.0059814453125], [0.08721923828125, 0.07562255859375, 0.037109375, 0.05499267578125, 0.0821533203125, 0.65106201171875, 0.00616455078125, 0.00567626953125], [0.0325927734375, 0.0145263671875, 0.04718017578125, 0.093994140625, 0.0792236328125, 0.72442626953125, 0.001953125, 0.006103515625], [0, 0, 0, 0, 0, 0, 0, 0], [0, 0, 0, 0, 0, 0, 0, 0], [0, 0, 0, 0, 0, 0, 0, 0], [0, 0, 0, 0, 0, 0, 0, 0], [0, 0, 0, 0, 0, 0, 0, 0], [0, 0, 0, 0, 0, 0, 0, 0], [0, 0, 0, 0, 0, 0, 0, 0], [0, 0, 0, 0, 0, 0, 0, 0], [0, 0, 0, 0, 0, 0, 0, 0], [0, 0, 0, 0, 0, 0, 0, 0], [0, 0, 0, 0, 0, 0, 0, 0], [0, 0, 0, 0, 0, 0, 0, 0]];[[0.78753662109375, 0.2100830078125, 0.00238037109375], [0.596435546875, 0.40264892578125, 0.00091552734375], [0.970947265625, 0.02880859375, 0.000244140625], [0.67962646484375, 0.31610107421875, 0.0042724609375], [0, 0, 0], [0, 0, 0], [0, 0, 0], [0, 0, 0], [0, 0, 0], [0, 0, 0], [0, 0, 0], [0, 0, 0], [0, 0, 0], [0, 0, 0], [0, 0, 0], [0, 0, 0]];[[0.33349609375, 0.3179931640625, 0.3485107421875], [0.08941650390625, 0.75543212890625, 0.1551513671875], [0.00567626953125, 0.62689208984375, 0.367431640625], [0.0633544921875, 0.585693359375, 0.3509521484375], [0, 0, 0], [0, 0, 0], [0, 0, 0], [0, 0, 0], [0, 0, 0], [0, 0, 0], [0, 0, 0], [0, 0, 0], [0, 0, 0], [0, 0, 0], [0, 0, 0], [0, 0, 0]]
21.jpg;[[0.05615234375, 0.0, 0.0, 0.00408935546875, 0.003173828125, 0.93560791015625, 0.0009765625, 0.0], [0.002685546875, 0.0, 0.0, 6.103515625e-05, 0.000732421875, 0.99615478515625, 0.0003662109375, 0.0], [0.0, 0.0, 0.0, 0.0, 0.0, 1.0, 0.0, 0.0], [0.0, 0.0, 0.0, 0.0, 0.0, 1.0, 0.0, 0.0], [0, 0, 0, 0, 0, 0, 0, 0], [0, 0, 0, 0, 0, 0, 0, 0], [0, 0, 0, 0, 0, 0, 0, 0], [0, 0, 0, 0, 0, 0, 0, 0], [0, 0, 0, 0, 0, 0, 0, 0], [0, 0, 0, 0, 0, 0, 0, 0], [0, 0, 0, 0, 0, 0, 0, 0], [0, 0, 0, 0, 0, 0, 0, 0], [0, 0, 0, 0, 0, 0, 0, 0], [0, 0, 0, 0, 0, 0, 0, 0], [0, 0, 0, 0, 0, 0, 0, 0], [0, 0, 0, 0, 0, 0, 0, 0]];[[0.05462646484375, 0.483642578125, 0.46173095703125], [0.00250244140625, 0.5220947265625, 0.47540283203125], [0.0, 0.614990234375, 0.385009765625], [0.0, 0.87420654296875, 0.12579345703125], [0, 0, 0], [0, 0, 0], [0, 0, 0], [0, 0, 0], [0, 0, 0], [0, 0, 0], [0, 0, 0], [0, 0, 0], [0, 0, 0], [0, 0, 0], [0, 0, 0], [0, 0, 0]];[[0.73785400390625, 0.26214599609375, 0.0], [0.620361328125, 0.294189453125, 0.08544921875], [0.571044921875, 0.095458984375, 0.33349609375], [0.3203125, 0.393798828125, 0.285888671875], [0, 0, 0], [0, 0, 0], [0, 0, 0], [0, 0, 0], [0, 0, 0], [0, 0, 0], [0, 0, 0], [0, 0, 0], [0, 0, 0], [0, 0, 0], [0, 0, 0], [0, 0, 0]]
22.jpg;[[0.02410888671875, 0.0013427734375, 0.0006103515625, 0.04034423828125, 0.72528076171875, 0.20245361328125, 0.00201416015625, 0.00384521484375], [0.09210205078125, 0.00921630859375, 0.01702880859375, 0.13507080078125, 0.2259521484375, 0.5006103515625, 0.00799560546875, 0.01202392578125], [0.17169189453125, 0.01470947265625, 0.01080322265625, 0.11297607421875, 0.23602294921875, 0.444091796875, 0.0059814453125, 0.00372314453125], [0.279296875, 0.003173828125, 0.0006103515625, 0.02960205078125, 0.298583984375, 0.3780517578125, 0.0078125, 0.00286865234375], [0, 0, 0, 0, 0, 0, 0, 0], [0, 0, 0, 0, 0, 0, 0, 0], [0, 0, 0, 0, 0, 0, 0, 0], [0, 0, 0, 0, 0, 0, 0, 0], [0, 0, 0, 0, 0, 0, 0, 0], [0, 0, 0, 0, 0, 0, 0, 0], [0, 0, 0, 0, 0, 0, 0, 0], [0, 0, 0, 0, 0, 0, 0, 0], [0, 0, 0, 0, 0, 0, 0, 0], [0, 0, 0, 0, 0, 0, 0, 0], [0, 0, 0, 0, 0, 0, 0, 0], [0, 0, 0, 0, 0, 0, 0, 0]];[[0.0460205078125, 0.6387939453125, 0.315185546875], [0.12188720703125, 0.5443115234375, 0.33380126953125], [0.20465087890625, 0.41986083984375, 0.37548828125], [0.315673828125, 0.22210693359375, 0.46221923828125], [0, 0, 0], [0, 0, 0], [0, 0, 0], [0, 0, 0], [0, 0, 0], [0, 0, 0], [0, 0, 0], [0, 0, 0], [0, 0, 0], [0, 0, 0], [0, 0, 0], [0, 0, 0]];[[0.37451171875, 0.54058837890625, 0.08489990234375], [0.662841796875, 0.31170654296875, 0.02545166015625], [0.83343505859375, 0.1593017578125, 0.00726318359375], [0.8939208984375, 0.0958251953125, 0.01025390625], [0, 0, 0], [0, 0, 0], [0, 0, 0], [0, 0, 0], [0, 0, 0], [0, 0, 0], [0, 0, 0], [0, 0, 0], [0, 0, 0], [0, 0, 0], [0, 0, 0], [0, 0, 0]]
23.jpg;[[0.03155517578125, 0.0, 0.0, 0.000244140625, 0.309814453125, 0.585205078125, 0.0, 0.07318115234375], [0.0501708984375, 0.00225830078125, 0.00054931640625, 0.01373291015625, 0.16693115234375, 0.74542236328125, 0.0008544921875, 0.02008056640625], [0.0177001953125, 0.0006103515625, 0.008056640625, 0.0721435546875, 0.20391845703125, 0.6654052734375, 0.0, 0.03216552734375], [0.0257568359375, 0.00042724609375, 0.000244140625, 0.15374755859375, 0.4945068359375, 0.31463623046875, 0.0, 0.01068115234375], [0, 0, 0, 0, 0, 0, 0, 0], [0, 0, 0, 0, 0, 0, 0, 0], [0, 0, 0, 0, 0, 0, 0, 0], [0, 0, 0, 0, 0, 0, 0, 0], [0, 0, 0, 0, 0, 0, 0, 0], [0, 0, 0, 0, 0, 0, 0, 0], [0, 0, 0, 0, 0, 0, 0, 0], [0, 0, 0, 0, 0, 0, 0, 0], [0, 0, 0, 0, 0, 0, 0, 0], [0, 0, 0, 0, 0, 0, 0, 0], [0, 0, 0, 0, 0, 0, 0, 0], [0, 0, 0, 0, 0, 0, 0, 0]];[[0.110595703125, 0.872314453125, 0.01708984375], [0.12481689453125, 0.82916259765625, 0.0460205078125], [0.174560546875, 0.78369140625, 0.041748046875], [0.2921142578125, 0.69580078125, 0.0120849609375], [0, 0, 0], [0, 0, 0], [0, 0, 0], [0, 0, 0], [0, 0, 0], [0, 0, 0], [0, 0, 0], [0, 0, 0], [0, 0, 0], [0, 0, 0], [0, 0, 0], [0, 0, 0]];[[0.27471923828125, 0.7239990234375, 0.00128173828125], [0.467041015625, 0.52020263671875, 0.01275634765625], [0.2415771484375, 0.70501708984375, 0.05340576171875], [0.07208251953125, 0.8848876953125, 0.04302978515625], [0, 0, 0], [0, 0, 0], [0, 0, 0], [0, 0, 0], [0, 0, 0], [0, 0, 0], [0, 0, 0], [0, 0, 0], [0, 0, 0], [0, 0, 0], [0, 0, 0], [0, 0, 0]]
24.jpg;[[0.01385498046875, 0.00146484375, 0.00128173828125, 0.36737060546875, 0.612060546875, 0.00384521484375, 0.0, 0.0001220703125], [0.0084228515625, 0.0, 0.00030517578125, 0.12646484375, 0.85498046875, 0.00848388671875, 0.0, 0.0013427734375], [0.0072021484375, 6.103515625e-05, 0.0, 0.18231201171875, 0.8009033203125, 0.008544921875, 0.0, 0.0009765625], [0.0009765625, 0.0, 0.0, 0.01678466796875, 0.98126220703125, 0.00091552734375, 0.0, 6.103515625e-05], [0, 0, 0, 0, 0, 0, 0, 0], [0, 0, 0, 0, 0, 0, 0, 0], [0, 0, 0, 0, 0, 0, 0, 0], [0, 0, 0, 0, 0, 0, 0, 0], [0, 0, 0, 0, 0, 0, 0, 0], [0, 0, 0, 0, 0, 0, 0, 0], [0, 0, 0, 0, 0, 0, 0, 0], [0, 0, 0, 0, 0, 0, 0, 0], [0, 0, 0, 0, 0, 0, 0, 0], [0, 0, 0, 0, 0, 0, 0, 0], [0, 0, 0, 0, 0, 0, 0, 0], [0, 0, 0, 0, 0, 0, 0, 0]];[[0.08770751953125, 0.91217041015625, 0.0001220703125], [0.27777099609375, 0.72222900390625, 0.0], [0.093505859375, 0.90240478515625, 0.00408935546875], [0.02874755859375, 0.97125244140625, 0.0], [0, 0, 0], [0, 0, 0], [0, 0, 0], [0, 0, 0], [0, 0, 0], [0, 0, 0], [0, 0, 0], [0, 0, 0], [0, 0, 0], [0, 0, 0], [0, 0, 0], [0, 0, 0]];[[0.498779296875, 0.5009765625, 0.000244140625], [0.13916015625, 0.86083984375, 0.0], [0.3104248046875, 0.689453125, 0.0001220703125], [0.0091552734375, 0.940673828125, 0.0501708984375], [0, 0, 0], [0, 0, 0], [0, 0, 0], [0, 0, 0], [0, 0, 0], [0, 0, 0], [0, 0, 0], [0, 0, 0], [0, 0, 0], [0, 0, 0], [0, 0, 0], [0, 0, 0]]
25.jpg;[[0.017578125, 0.0009765625, 0.001953125, 0.15936279296875, 0.69403076171875, 0.1195068359375, 0.0003662109375, 0.0062255859375], [0.0264892578125, 0.01806640625, 0.02001953125, 0.236083984375, 0.50396728515625, 0.1895751953125, 0.0, 0.00579833984375], [0.027099609375, 0.0091552734375, 0.0313720703125, 0.3055419921875, 0.5272216796875, 0.0919189453125, 0.0, 0.0076904296875], [0.02789306640625, 0.012451171875, 0.00665283203125, 0.14361572265625, 0.6868896484375, 0.12030029296875, 0.0, 0.002197265625], [0, 0, 0, 0, 0, 0, 0, 0], [0, 0, 0, 0, 0, 0, 0, 0], [0, 0, 0, 0, 0, 0, 0, 0], [0, 0, 0, 0, 0, 0, 0, 0], [0, 0, 0, 0, 0, 0, 0, 0], [0, 0, 0, 0, 0, 0, 0, 0], [0, 0, 0, 0, 0, 0, 0, 0], [0, 0, 0, 0, 0, 0, 0, 0], [0, 0, 0, 0, 0, 0, 0, 0], [0, 0, 0, 0, 0, 0, 0, 0], [0, 0, 0, 0, 0, 0, 0, 0], [0, 0, 0, 0, 0, 0, 0, 0]];[[0.12786865234375, 0.8719482421875, 0.00018310546875], [0.4698486328125, 0.52056884765625, 0.00958251953125], [0.8526611328125, 0.147216796875, 0.0001220703125], [0.90032958984375, 0.09967041015625, 0.0], [0, 0, 0], [0, 0, 0], [0, 0, 0], [0, 0, 0], [0, 0, 0], [0, 0, 0], [0, 0, 0], [0, 0, 0], [0, 0, 0], [0, 0, 0], [0, 0, 0], [0, 0, 0]];[[0.21295166015625, 0.7779541015625, 0.00909423828125], [0.2271728515625, 0.65350341796875, 0.11932373046875], [0.34619140625, 0.62548828125, 0.0283203125], [0.44482421875, 0.49212646484375, 0.06304931640625], [0, 0, 0], [0, 0, 0], [0, 0, 0], [0, 0, 0], [0, 0, 0], [0, 0, 0], [0, 0, 0], [0, 0, 0], [0, 0, 0], [0, 0, 0], [0, 0, 0], [0, 0, 0]]
26.jpg;[[0.02197265625, 0.0, 0.0, 0.0, 0.6982421875, 0.2763671875, 0.0, 0.00341796875], [0.0682373046875, 0.04766845703125, 0.0009765625, 6.103515625e-05, 0.41400146484375, 0.4603271484375, 0.00103759765625, 0.0076904296875], [0.4747314453125, 0.24462890625, 0.0029296875, 0.0096435546875, 0.12896728515625, 0.127197265625, 0.00030517578125, 0.0115966796875], [0.32122802734375, 0.06640625, 0.0010986328125, 0.0198974609375, 0.00927734375, 0.56646728515625, 0.000732421875, 0.014892578125], [0, 0, 0, 0, 0, 0, 0, 0], [0, 0, 0, 0, 0, 0, 0, 0], [0, 0, 0, 0, 0, 0, 0, 0], [0, 0, 0, 0, 0, 0, 0, 0], [0, 0, 0, 0, 0, 0, 0, 0], [0, 0, 0, 0, 0, 0, 0, 0], [0, 0, 0, 0, 0, 0, 0, 0], [0, 0, 0, 0, 0, 0, 0, 0], [0, 0, 0, 0, 0, 0, 0, 0], [0, 0, 0, 0, 0, 0, 0, 0], [0, 0, 0, 0, 0, 0, 0, 0], [0, 0, 0, 0, 0, 0, 0, 0]];[[0.05364990234375, 0.904541015625, 0.04180908203125], [0.18994140625, 0.8074951171875, 0.0025634765625], [0.88427734375, 0.11572265625, 0.0], [0.8111572265625, 0.1888427734375, 0.0], [0, 0, 0], [0, 0, 0], [0, 0, 0], [0, 0, 0], [0, 0, 0], [0, 0, 0], [0, 0, 0], [0, 0, 0], [0, 0, 0], [0, 0, 0], [0, 0, 0], [0, 0, 0]];[[0.17181396484375, 0.82818603515625, 0.0], [0.0517578125, 0.9415283203125, 0.0067138671875], [0.106201171875, 0.87744140625, 0.016357421875], [0.16925048828125, 0.83074951171875, 0.0], [0, 0, 0], [0, 0, 0], [0, 0, 0], [0, 0, 0], [0, 0, 0], [0, 0, 0], [0, 0, 0], [0, 0, 0], [0, 0, 0], [0, 0, 0], [0, 0, 0], [0, 0, 0]]
27.jpg;[[0.034423828125, 0.07904052734375, 0.02197265625, 0.00860595703125, 0.0126953125, 0.8126220703125, 0.018310546875, 0.0123291015625], [0.03424072265625, 0.01715087890625, 0.00299072265625, 0.003662109375, 0.01116943359375, 0.92535400390625, 0.00213623046875, 0.0032958984375], [0.1441650390625, 0.2843017578125, 0.06005859375, 0.009765625, 0.00274658203125, 0.4622802734375, 0.013916015625, 0.02276611328125], [0.18743896484375, 0.399169921875, 0.029052734375, 0.009765625, 0.050048828125, 0.262451171875, 0.02435302734375, 0.0377197265625], [0, 0, 0, 0, 0, 0, 0, 0], [0, 0, 0, 0, 0, 0, 0, 0], [0, 0, 0, 0, 0, 0, 0, 0], [0, 0, 0, 0, 0, 0, 0, 0], [0, 0, 0, 0, 0, 0, 0, 0], [0, 0, 0, 0, 0, 0, 0, 0], [0, 0, 0, 0, 0, 0, 0, 0], [0, 0, 0, 0, 0, 0, 0, 0], [0, 0, 0, 0, 0, 0, 0, 0], [0, 0, 0, 0, 0, 0, 0, 0], [0, 0, 0, 0, 0, 0, 0, 0], [0, 0, 0, 0, 0, 0, 0, 0]];[[0.0650634765625, 0.83135986328125, 0.10357666015625], [0.084228515625, 0.892578125, 0.023193359375], [0.39007568359375, 0.580322265625, 0.02960205078125], [0.5645751953125, 0.4267578125, 0.0086669921875], [0, 0, 0], [0, 0, 0], [0, 0, 0], [0, 0, 0], [0, 0, 0], [0, 0, 0], [0, 0, 0], [0, 0, 0], [0, 0, 0], [0, 0, 0], [0, 0, 0], [0, 0, 0]];[[0.195068359375, 0.5946044921875, 0.2103271484375], [0.06982421875, 0.8856201171875, 0.0445556640625], [0.144775390625, 0.72698974609375, 0.12823486328125], [0.1463623046875, 0.675537109375, 0.1781005859375], [0, 0, 0], [0, 0, 0], [0, 0, 0], [0, 0, 0], [0, 0, 0], [0, 0, 0], [0, 0, 0], [0, 0, 0], [0, 0, 0], [0, 0, 0], [0, 0, 0], [0, 0, 0]]
28.jpg;[[0.06976318359375, 0.06146240234375, 0.05279541015625, 0.06890869140625, 0.68109130859375, 0.0615234375, 0.0009765625, 0.00347900390625], [0.05731201171875, 0.3106689453125, 0.238037109375, 0.0601806640625, 0.01104736328125, 0.3046875, 0.0001220703125, 0.0179443359375], [0.109619140625, 0.40740966796875, 0.2340087890625, 0.0538330078125, 0.01580810546875, 0.17578125, 0.0, 0.0035400390625], [0.27642822265625, 0.35321044921875, 0.02978515625, 0.05084228515625, 0.010986328125, 0.2694091796875, 0.00128173828125, 0.008056640625], [0, 0, 0, 0, 0, 0, 0, 0], [0, 0, 0, 0, 0, 0, 0, 0], [0, 0, 0, 0, 0, 0, 0, 0], [0, 0, 0, 0, 0, 0, 0, 0], [0, 0, 0, 0, 0, 0, 0, 0], [0, 0, 0, 0, 0, 0, 0, 0], [0, 0, 0, 0, 0, 0, 0, 0], [0, 0, 0, 0, 0, 0, 0, 0], [0, 0, 0, 0, 0, 0, 0, 0], [0, 0, 0, 0, 0, 0, 0, 0], [0, 0, 0, 0, 0, 0, 0, 0], [0, 0, 0, 0, 0, 0, 0, 0]];[[0.72174072265625, 0.27825927734375, 0.0], [0.9815673828125, 0.0184326171875, 0.0], [0.9886474609375, 0.0113525390625, 0.0], [0.99212646484375, 0.00787353515625, 0.0], [0, 0, 0], [0, 0, 0], [0, 0, 0], [0, 0, 0], [0, 0, 0], [0, 0, 0], [0, 0, 0], [0, 0, 0], [0, 0, 0], [0, 0, 0], [0, 0, 0], [0, 0, 0]];[[0.00018310546875, 0.99462890625, 0.00518798828125], [0.03167724609375, 0.6002197265625, 0.36810302734375], [0.07293701171875, 0.875, 0.05206298828125], [0.122314453125, 0.877685546875, 0.0], [0, 0, 0], [0, 0, 0], [0, 0, 0], [0, 0, 0], [0, 0, 0], [0, 0, 0], [0, 0, 0], [0, 0, 0], [0, 0, 0], [0, 0, 0], [0, 0, 0], [0, 0, 0]]
29.jpg;[[0.034912109375, 0.0003662109375, 0.00030517578125, 0.006591796875, 0.1024169921875, 0.850830078125, 0.00042724609375, 0.004150390625], [0.02069091796875, 0.0, 0.0, 0.00018310546875, 0.0697021484375, 0.900634765625, 0.0, 0.0087890625], [0.0, 0.0, 0.0, 0.0, 0.0003662109375, 0.9996337890625, 0.0, 0.0], [0.0, 0.0, 0.0, 0.0, 0.00018310546875, 0.999755859375, 0.0, 6.103515625e-05], [0, 0, 0, 0, 0, 0, 0, 0], [0, 0, 0, 0, 0, 0, 0, 0], [0, 0, 0, 0, 0, 0, 0, 0], [0, 0, 0, 0, 0, 0, 0, 0], [0, 0, 0, 0, 0, 0, 0, 0], [0, 0, 0, 0, 0, 0, 0, 0], [0, 0, 0, 0, 0, 0, 0, 0], [0, 0, 0, 0, 0, 0, 0, 0], [0, 0, 0, 0, 0, 0, 0, 0], [0, 0, 0, 0, 0, 0, 0, 0], [0, 0, 0, 0, 0, 0, 0, 0], [0, 0, 0, 0, 0, 0, 0, 0]];[[0.63214111328125, 0.3677978515625, 6.103515625e-05], [0.22027587890625, 0.77960205078125, 0.0001220703125], [0.2705078125, 0.7294921875, 0.0], [0.0836181640625, 0.9163818359375, 0.0], [0, 0, 0], [0, 0, 0], [0, 0, 0], [0, 0, 0], [0, 0, 0], [0, 0, 0], [0, 0, 0], [0, 0, 0], [0, 0, 0], [0, 0, 0], [0, 0, 0], [0, 0, 0]];[[0.23590087890625, 0.72021484375, 0.04388427734375], [0.1107177734375, 0.46307373046875, 0.42620849609375], [0.0, 0.1805419921875, 0.8194580078125], [0.0, 0.3876953125, 0.6123046875], [0, 0, 0], [0, 0, 0], [0, 0, 0], [0, 0, 0], [0, 0, 0], [0, 0, 0], [0, 0, 0], [0, 0, 0], [0, 0, 0], [0, 0, 0], [0, 0, 0], [0, 0, 0]]
30.jpg;[[0.068603515625, 0.00103759765625, 0.0, 0.01165771484375, 0.478271484375, 0.42120361328125, 0.00177001953125, 0.0174560546875], [0.21820068359375, 0.0, 0.0, 0.005859375, 0.4371337890625, 0.329833984375, 0.0, 0.00897216796875], [0.05023193359375, 0.0, 0.0, 0.0023193359375, 0.7149658203125, 0.232177734375, 0.0, 0.00030517578125], [0.00030517578125, 0.0, 0.0, 0.0, 0.5931396484375, 0.4049072265625, 0.0, 0.00164794921875], [0, 0, 0, 0, 0, 0, 0, 0], [0, 0, 0, 0, 0, 0, 0, 0], [0, 0, 0, 0, 0, 0, 0, 0], [0, 0, 0, 0, 0, 0, 0, 0], [0, 0, 0, 0, 0, 0, 0, 0], [0, 0, 0, 0, 0, 0, 0, 0], [0, 0, 0, 0, 0, 0, 0, 0], [0, 0, 0, 0, 0, 0, 0, 0], [0, 0, 0, 0, 0, 0, 0, 0], [0, 0, 0, 0, 0, 0, 0, 0], [0, 0, 0, 0, 0, 0, 0, 0], [0, 0, 0, 0, 0, 0, 0, 0]];[[0.25921630859375, 0.72662353515625, 0.01416015625], [0.51715087890625, 0.47711181640625, 0.0057373046875], [0.53863525390625, 0.46124267578125, 0.0001220703125], [0.17236328125, 0.82757568359375, 6.103515625e-05], [0, 0, 0], [0, 0, 0], [0, 0, 0], [0, 0, 0], [0, 0, 0], [0, 0, 0], [0, 0, 0], [0, 0, 0], [0, 0, 0], [0, 0, 0], [0, 0, 0], [0, 0, 0]];[[0.80322265625, 0.19476318359375, 0.00201416015625], [0.52728271484375, 0.47271728515625, 0.0], [0.04052734375, 0.95947265625, 0.0], [0.00689697265625, 0.99310302734375, 0.0], [0, 0, 0], [0, 0, 0], [0, 0, 0], [0, 0, 0], [0, 0, 0], [0, 0, 0], [0, 0, 0], [0, 0, 0], [0, 0, 0], [0, 0, 0], [0, 0, 0], [0, 0, 0]]
31.jpg;[[0.004150390625, 0.0, 0.0, 0.00421142578125, 0.98541259765625, 0.00506591796875, 0.0, 0.00115966796875], [0.01312255859375, 0.00299072265625, 0.00189208984375, 0.00689697265625, 0.7181396484375, 0.25445556640625, 0.00067138671875, 0.0018310546875], [0.01806640625, 0.00518798828125, 0.00146484375, 0.2120361328125, 0.4176025390625, 0.3353271484375, 0.00030517578125, 0.010009765625], [0.04931640625, 0.00238037109375, 0.00567626953125, 0.18243408203125, 0.49932861328125, 0.25921630859375, 0.0, 0.00164794921875], [0, 0, 0, 0, 0, 0, 0, 0], [0, 0, 0, 0, 0, 0, 0, 0], [0, 0, 0, 0, 0, 0, 0, 0], [0, 0, 0, 0, 0, 0, 0, 0], [0, 0, 0, 0, 0, 0, 0, 0], [0, 0, 0, 0, 0, 0, 0, 0], [0, 0, 0, 0, 0, 0, 0, 0], [0, 0, 0, 0, 0, 0, 0, 0], [0, 0, 0, 0, 0, 0, 0, 0], [0, 0, 0, 0, 0, 0, 0, 0], [0, 0, 0, 0, 0, 0, 0, 0], [0, 0, 0, 0, 0, 0, 0, 0]];[[0.004150390625, 0.97540283203125, 0.02044677734375], [0.0770263671875, 0.76434326171875, 0.15863037109375], [0.2493896484375, 0.674560546875, 0.0760498046875], [0.2825927734375, 0.4754638671875, 0.241943359375], [0, 0, 0], [0, 0, 0], [0, 0, 0], [0, 0, 0], [0, 0, 0], [0, 0, 0], [0, 0, 0], [0, 0, 0], [0, 0, 0], [0, 0, 0], [0, 0, 0], [0, 0, 0]];[[0.0, 0.70648193359375, 0.29351806640625], [0.05908203125, 0.859375, 0.08154296875], [0.0152587890625, 0.798828125, 0.1859130859375], [0.09716796875, 0.730712890625, 0.172119140625], [0, 0, 0], [0, 0, 0], [0, 0, 0], [0, 0, 0], [0, 0, 0], [0, 0, 0], [0, 0, 0], [0, 0, 0], [0, 0, 0], [0, 0, 0], [0, 0, 0], [0, 0, 0]]
32.jpg;[[0.03680419921875, 0.00311279296875, 0.00018310546875, 0.00726318359375, 0.17401123046875, 0.75909423828125, 0.0018310546875, 0.0177001953125], [0.00323486328125, 0.00018310546875, 0.0, 0.00018310546875, 0.01324462890625, 0.9766845703125, 0.00103759765625, 0.00543212890625], [0.001220703125, 0.0, 0.0, 0.0, 0.01458740234375, 0.98291015625, 0.0, 0.00128173828125], [0.00555419921875, 0.0, 0.0, 0.00067138671875, 0.14385986328125, 0.8424072265625, 0.00030517578125, 0.0072021484375], [0, 0, 0, 0, 0, 0, 0, 0], [0, 0, 0, 0, 0, 0, 0, 0], [0, 0, 0, 0, 0, 0, 0, 0], [0, 0, 0, 0, 0, 0, 0, 0], [0, 0, 0, 0, 0, 0, 0, 0], [0, 0, 0, 0, 0, 0, 0, 0], [0, 0, 0, 0, 0, 0, 0, 0], [0, 0, 0, 0, 0, 0, 0, 0], [0, 0, 0, 0, 0, 0, 0, 0], [0, 0, 0, 0, 0, 0, 0, 0], [0, 0, 0, 0, 0, 0, 0, 0], [0, 0, 0, 0, 0, 0, 0, 0]];[[0.04150390625, 0.796630859375, 0.161865234375], [0.01068115234375, 0.67181396484375, 0.3175048828125], [0.01568603515625, 0.919189453125, 0.06512451171875], [0.08001708984375, 0.8834228515625, 0.03656005859375], [0, 0, 0], [0, 0, 0], [0, 0, 0], [0, 0, 0], [0, 0, 0], [0, 0, 0], [0, 0, 0], [0, 0, 0], [0, 0, 0], [0, 0, 0], [0, 0, 0], [0, 0, 0]];[[0.22528076171875, 0.744384765625, 0.03033447265625], [0.09527587890625, 0.84027099609375, 0.064453125], [0.02886962890625, 0.74462890625, 0.22650146484375], [0.0311279296875, 0.80902099609375, 0.15985107421875], [0, 0, 0], [0, 0, 0], [0, 0, 0], [0, 0, 0], [0, 0, 0], [0, 0, 0], [0, 0, 0], [0, 0, 0], [0, 0, 0], [0, 0, 0], [0, 0, 0], [0, 0, 0]]
33.jpg;[[0.013916015625, 0.0, 0.0, 0.0, 0.5545654296875, 0.42071533203125, 0.0, 0.01080322265625], [0.01214599609375, 0.0, 0.0, 0.0, 0.40478515625, 0.57476806640625, 0.0, 0.00830078125], [0.00732421875, 0.0, 0.0, 0.0, 0.13043212890625, 0.8587646484375, 0.0, 0.00347900390625], [0.0, 0.0, 0.0, 0.0, 0.0, 1.0, 0.0, 0.0], [0, 0, 0, 0, 0, 0, 0, 0], [0, 0, 0, 0, 0, 0, 0, 0], [0, 0, 0, 0, 0, 0, 0, 0], [0, 0, 0, 0, 0, 0, 0, 0], [0, 0, 0, 0, 0, 0, 0, 0], [0, 0, 0, 0, 0, 0, 0, 0], [0, 0, 0, 0, 0, 0, 0, 0], [0, 0, 0, 0, 0, 0, 0, 0], [0, 0, 0, 0, 0, 0, 0, 0], [0, 0, 0, 0, 0, 0, 0, 0], [0, 0, 0, 0, 0, 0, 0, 0], [0, 0, 0, 0, 0, 0, 0, 0]];[[0.01611328125, 0.70672607421875, 0.27716064453125], [0.01214599609375, 0.82073974609375, 0.1671142578125], [0.00738525390625, 0.96173095703125, 0.0308837890625], [0.0, 0.98016357421875, 0.01983642578125], [0, 0, 0], [0, 0, 0], [0, 0, 0], [0, 0, 0], [0, 0, 0], [0, 0, 0], [0, 0, 0], [0, 0, 0], [0, 0, 0], [0, 0, 0], [0, 0, 0], [0, 0, 0]];[[0.02777099609375, 0.80517578125, 0.16705322265625], [0.0068359375, 0.62664794921875, 0.36651611328125], [0.00323486328125, 0.33856201171875, 0.658203125], [0.0, 0.861083984375, 0.138916015625], [0, 0, 0], [0, 0, 0], [0, 0, 0], [0, 0, 0], [0, 0, 0], [0, 0, 0], [0, 0, 0], [0, 0, 0], [0, 0, 0], [0, 0, 0], [0, 0, 0], [0, 0, 0]]
34.jpg;[[0.04168701171875, 0.0, 0.0, 0.00048828125, 0.17138671875, 0.76214599609375, 0.000244140625, 0.0240478515625], [0.09417724609375, 0.0, 0.0, 0.01324462890625, 0.19512939453125, 0.67864990234375, 0.00030517578125, 0.01849365234375], [0.1365966796875, 0.0, 0.0, 0.04010009765625, 0.5467529296875, 0.26617431640625, 0.0, 0.0103759765625], [0.00372314453125, 0.0, 0.0, 0.0, 0.04180908203125, 0.9522705078125, 0.0, 0.002197265625], [0, 0, 0, 0, 0, 0, 0, 0], [0, 0, 0, 0, 0, 0, 0, 0], [0, 0, 0, 0, 0, 0, 0, 0], [0, 0, 0, 0, 0, 0, 0, 0], [0, 0, 0, 0, 0, 0, 0, 0], [0, 0, 0, 0, 0, 0, 0, 0], [0, 0, 0, 0, 0, 0, 0, 0], [0, 0, 0, 0, 0, 0, 0, 0], [0, 0, 0, 0, 0, 0, 0, 0], [0, 0, 0, 0, 0, 0, 0, 0], [0, 0, 0, 0, 0, 0, 0, 0], [0, 0, 0, 0, 0, 0, 0, 0]];[[0.75054931640625, 0.249267578125, 0.00018310546875], [0.88836669921875, 0.111328125, 0.00030517578125], [0.976806640625, 0.023193359375, 0.0], [0.744873046875, 0.255126953125, 0.0], [0, 0, 0], [0, 0, 0], [0, 0, 0], [0, 0, 0], [0, 0, 0], [0, 0, 0], [0, 0, 0], [0, 0, 0], [0, 0, 0], [0, 0, 0], [0, 0, 0], [0, 0, 0]];[[0.0089111328125, 0.986328125, 0.0047607421875], [0.00299072265625, 0.99017333984375, 0.0068359375], [0.0, 0.98895263671875, 0.01104736328125], [0.00213623046875, 0.97967529296875, 0.0181884765625], [0, 0, 0], [0, 0, 0], [0, 0, 0], [0, 0, 0], [0, 0, 0], [0, 0, 0], [0, 0, 0], [0, 0, 0], [0, 0, 0], [0, 0, 0], [0, 0, 0], [0, 0, 0]]
35.jpg;[[0.0, 0.0, 0.0, 0.0, 0.00067138671875, 0.9986572265625, 0.0001220703125, 0.00054931640625], [0.0172119140625, 0.00164794921875, 0.000732421875, 0.0015869140625, 0.005615234375, 0.9576416015625, 0.0103759765625, 0.00518798828125], [0.00848388671875, 0.0008544921875, 6.103515625e-05, 0.0006103515625, 0.0096435546875, 0.97491455078125, 0.00225830078125, 0.003173828125], [0.023681640625, 0.001953125, 0.00018310546875, 0.02349853515625, 0.04150390625, 0.90521240234375, 0.0006103515625, 0.00335693359375], [0, 0, 0, 0, 0, 0, 0, 0], [0, 0, 0, 0, 0, 0, 0, 0], [0, 0, 0, 0, 0, 0, 0, 0], [0, 0, 0, 0, 0, 0, 0, 0], [0, 0, 0, 0, 0, 0, 0, 0], [0, 0, 0, 0, 0, 0, 0, 0], [0, 0, 0, 0, 0, 0, 0, 0], [0, 0, 0, 0, 0, 0, 0, 0], [0, 0, 0, 0, 0, 0, 0, 0], [0, 0, 0, 0, 0, 0, 0, 0], [0, 0, 0, 0, 0, 0, 0, 0], [0, 0, 0, 0, 0, 0, 0, 0]];[[0.16461181640625, 0.83538818359375, 0.0], [0.239990234375, 0.75982666015625, 0.00018310546875], [0.3238525390625, 0.6761474609375, 0.0], [0.202880859375, 0.797119140625, 0.0], [0, 0, 0], [0, 0, 0], [0, 0, 0], [0, 0, 0], [0, 0, 0], [0, 0, 0], [0, 0, 0], [0, 0, 0], [0, 0, 0], [0, 0, 0], [0, 0, 0], [0, 0, 0]];[[0.00634765625, 0.99017333984375, 0.00347900390625], [0.0545654296875, 0.93707275390625, 0.00836181640625], [0.0499267578125, 0.920654296875, 0.0294189453125], [0.16156005859375, 0.83843994140625, 0.0], [0, 0, 0], [0, 0, 0], [0, 0, 0], [0, 0, 0], [0, 0, 0], [0, 0, 0], [0, 0, 0], [0, 0, 0], [0, 0, 0], [0, 0, 0], [0, 0, 0], [0, 0, 0]]
6.jpg;[[0.00762939453125, 0.00079345703125, 0.0, 0.00030517578125, 0.0263671875, 0.959716796875, 0.00262451171875, 0.0025634765625], [0.00457763671875, 6.103515625e-05, 0.000244140625, 0.000732421875, 0.005859375, 0.98712158203125, 0.00048828125, 0.00091552734375], [0.0, 0.0, 0.0, 0.0, 0.000244140625, 0.999755859375, 0.0, 0.0], [6.103515625e-05, 0.0, 0.0, 0.0, 0.0008544921875, 0.99908447265625, 0.0, 0.0], [0, 0, 0, 0, 0, 0, 0, 0], [0, 0, 0, 0, 0, 0, 0, 0], [0, 0, 0, 0, 0, 0, 0, 0], [0, 0, 0, 0, 0, 0, 0, 0], [0, 0, 0, 0, 0, 0, 0, 0], [0, 0, 0, 0, 0, 0, 0, 0], [0, 0, 0, 0, 0, 0, 0, 0], [0, 0, 0, 0, 0, 0, 0, 0], [0, 0, 0, 0, 0, 0, 0, 0], [0, 0, 0, 0, 0, 0, 0, 0], [0, 0, 0, 0, 0, 0, 0, 0], [0, 0, 0, 0, 0, 0, 0, 0]];[[0.4686279296875, 0.5313720703125, 0.0], [0.42547607421875, 0.57452392578125, 0.0], [0.19232177734375, 0.80767822265625, 0.0], [0.1458740234375, 0.8541259765625, 0.0], [0, 0, 0], [0, 0, 0], [0, 0, 0], [0, 0, 0], [0, 0, 0], [0, 0, 0], [0, 0, 0], [0, 0, 0], [0, 0, 0], [0, 0, 0], [0, 0, 0], [0, 0, 0]];[[0.00262451171875, 0.82183837890625, 0.175537109375], [0.00146484375, 0.46136474609375, 0.53717041015625], [0.0, 0.40277099609375, 0.59722900390625], [0.00042724609375, 0.41778564453125, 0.581787109375], [0, 0, 0], [0, 0, 0], [0, 0, 0], [0, 0, 0], [0, 0, 0], [0, 0, 0], [0, 0, 0], [0, 0, 0], [0, 0, 0], [0, 0, 0], [0, 0, 0], [0, 0, 0]]
7.jpg;[[0.01214599609375, 0.09832763671875, 0.498291015625, 0.12261962890625, 0.00262451171875, 0.2652587890625, 0.0003662109375, 0.0003662109375], [0.0250244140625, 0.27178955078125, 0.4365234375, 0.01666259765625, 0.0042724609375, 0.239501953125, 0.002685546875, 0.0035400390625], [0.036376953125, 0.10986328125, 0.03350830078125, 0.0062255859375, 0.00567626953125, 0.78973388671875, 0.0115966796875, 0.00701904296875], [0.06500244140625, 0.02752685546875, 0.00653076171875, 0.005126953125, 0.00372314453125, 0.85992431640625, 0.0260009765625, 0.00616455078125], [0, 0, 0, 0, 0, 0, 0, 0], [0, 0, 0, 0, 0, 0, 0, 0], [0, 0, 0, 0, 0, 0, 0, 0], [0, 0, 0, 0, 0, 0, 0, 0], [0, 0, 0, 0, 0, 0, 0, 0], [0, 0, 0, 0, 0, 0, 0, 0], [0, 0, 0, 0, 0, 0, 0, 0], [0, 0, 0, 0, 0, 0, 0, 0], [0, 0, 0, 0, 0, 0, 0, 0], [0, 0, 0, 0, 0, 0, 0, 0], [0, 0, 0, 0, 0, 0, 0, 0], [0, 0, 0, 0, 0, 0, 0, 0]];[[0.01751708984375, 0.7486572265625, 0.23382568359375], [0.03082275390625, 0.49578857421875, 0.473388671875], [0.07550048828125, 0.77593994140625, 0.1485595703125], [0.046142578125, 0.8924560546875, 0.0614013671875], [0, 0, 0], [0, 0, 0], [0, 0, 0], [0, 0, 0], [0, 0, 0], [0, 0, 0], [0, 0, 0], [0, 0, 0], [0, 0, 0], [0, 0, 0], [0, 0, 0], [0, 0, 0]];[[0.76593017578125, 0.2042236328125, 0.02984619140625], [0.8231201171875, 0.16314697265625, 0.01373291015625], [0.48968505859375, 0.51019287109375, 0.0001220703125], [0.83380126953125, 0.16619873046875, 0.0], [0, 0, 0], [0, 0, 0], [0, 0, 0], [0, 0, 0], [0, 0, 0], [0, 0, 0], [0, 0, 0], [0, 0, 0], [0, 0, 0], [0, 0, 0], [0, 0, 0], [0, 0, 0]]
8.jpg;[[0.13983154296875, 0.5394287109375, 0.15582275390625, 0.067138671875, 0.01007080078125, 0.052734375, 0.0111083984375, 0.02386474609375], [0.21368408203125, 0.19464111328125, 0.06072998046875, 0.10369873046875, 0.02191162109375, 0.389404296875, 0.00439453125, 0.01153564453125], [0.067138671875, 0.000244140625, 0.00164794921875, 0.038330078125, 0.0560302734375, 0.8245849609375, 0.0, 0.01202392578125], [0.010498046875, 0.0009765625, 0.0, 0.00225830078125, 0.0076904296875, 0.977294921875, 0.000732421875, 0.00054931640625], [0, 0, 0, 0, 0, 0, 0, 0], [0, 0, 0, 0, 0, 0, 0, 0], [0, 0, 0, 0, 0, 0, 0, 0], [0, 0, 0, 0, 0, 0, 0, 0], [0, 0, 0, 0, 0, 0, 0, 0], [0, 0, 0, 0, 0, 0, 0, 0], [0, 0, 0, 0, 0, 0, 0, 0], [0, 0, 0, 0, 0, 0, 0, 0], [0, 0, 0, 0, 0, 0, 0, 0], [0, 0, 0, 0, 0, 0, 0, 0], [0, 0, 0, 0, 0, 0, 0, 0], [0, 0, 0, 0, 0, 0, 0, 0]];[[0.758056640625, 0.22991943359375, 0.01202392578125], [0.962158203125, 0.03704833984375, 0.00079345703125], [0.98309326171875, 0.01690673828125, 0.0], [0.988037109375, 0.011962890625, 0.0], [0, 0, 0], [0, 0, 0], [0, 0, 0], [0, 0, 0], [0, 0, 0], [0, 0, 0], [0, 0, 0], [0, 0, 0], [0, 0, 0], [0, 0, 0], [0, 0, 0], [0, 0, 0]];[[0.12738037109375, 0.80279541015625, 0.06982421875], [0.0821533203125, 0.91741943359375, 0.00042724609375], [0.01580810546875, 0.97186279296875, 0.0123291015625], [0.01806640625, 0.61614990234375, 0.36578369140625], [0, 0, 0], [0, 0, 0], [0, 0, 0], [0, 0, 0], [0, 0, 0], [0, 0, 0], [0, 0, 0], [0, 0, 0], [0, 0, 0], [0, 0, 0], [0, 0, 0], [0, 0, 0]]
9.jpg;[[0.02069091796875, 0.0, 0.0, 0.0023193359375, 0.2015380859375, 0.77325439453125, 0.0, 0.002197265625], [0.01214599609375, 0.0, 0.0, 0.0, 0.0810546875, 0.9034423828125, 0.0, 0.00335693359375], [0.00042724609375, 0.0, 0.0, 0.0, 0.00146484375, 0.9974365234375, 0.000244140625, 0.00042724609375], [0.0040283203125, 0.0, 0.0, 0.0, 0.02099609375, 0.97381591796875, 0.000244140625, 0.00091552734375], [0, 0, 0, 0, 0, 0, 0, 0], [0, 0, 0, 0, 0, 0, 0, 0], [0, 0, 0, 0, 0, 0, 0, 0], [0, 0, 0, 0, 0, 0, 0, 0], [0, 0, 0, 0, 0, 0, 0, 0], [0, 0, 0, 0, 0, 0, 0, 0], [0, 0, 0, 0, 0, 0, 0, 0], [0, 0, 0, 0, 0, 0, 0, 0], [0, 0, 0, 0, 0, 0, 0, 0], [0, 0, 0, 0, 0, 0, 0, 0], [0, 0, 0, 0, 0, 0, 0, 0], [0, 0, 0, 0, 0, 0, 0, 0]];[[0.06219482421875, 0.3797607421875, 0.55804443359375], [0.02215576171875, 0.59857177734375, 0.3792724609375], [0.18060302734375, 0.7703857421875, 0.04901123046875], [0.5562744140625, 0.40228271484375, 0.04144287109375], [0, 0, 0], [0, 0, 0], [0, 0, 0], [0, 0, 0], [0, 0, 0], [0, 0, 0], [0, 0, 0], [0, 0, 0], [0, 0, 0], [0, 0, 0], [0, 0, 0], [0, 0, 0]];[[0.30963134765625, 0.5531005859375, 0.13726806640625], [0.4537353515625, 0.28851318359375, 0.25775146484375], [0.0352783203125, 0.3974609375, 0.5672607421875], [0.023193359375, 0.18182373046875, 0.79498291015625], [0, 0, 0], [0, 0, 0], [0, 0, 0], [0, 0, 0], [0, 0, 0], [0, 0, 0], [0, 0, 0], [0, 0, 0], [0, 0, 0], [0, 0, 0], [0, 0, 0], [0, 0, 0]]
4.jpg;[[0.43548583984375, 0.17755126953125, 0.00164794921875, 0.03802490234375, 0.00238037109375, 0.34271240234375, 0.00140380859375, 0.00079345703125], [0.501953125, 0.01666259765625, 0.0006103515625, 0.0052490234375, 0.00457763671875, 0.46771240234375, 0.00177001953125, 0.00146484375], [0.42962646484375, 0.00537109375, 0.0023193359375, 0.00408935546875, 0.0076904296875, 0.54901123046875, 0.001220703125, 0.00067138671875], [0.74835205078125, 0.00579833984375, 0.0009765625, 0.00689697265625, 0.0069580078125, 0.23040771484375, 0.00054931640625, 6.103515625e-05], [0, 0, 0, 0, 0, 0, 0, 0], [0, 0, 0, 0, 0, 0, 0, 0], [0, 0, 0, 0, 0, 0, 0, 0], [0, 0, 0, 0, 0, 0, 0, 0], [0, 0, 0, 0, 0, 0, 0, 0], [0, 0, 0, 0, 0, 0, 0, 0], [0, 0, 0, 0, 0, 0, 0, 0], [0, 0, 0, 0, 0, 0, 0, 0], [0, 0, 0, 0, 0, 0, 0, 0], [0, 0, 0, 0, 0, 0, 0, 0], [0, 0, 0, 0, 0, 0, 0, 0], [0, 0, 0, 0, 0, 0, 0, 0]];[[0.46929931640625, 0.39056396484375, 0.14013671875], [0.5313720703125, 0.31072998046875, 0.15789794921875], [0.4576416015625, 0.3841552734375, 0.158203125], [0.7696533203125, 0.1480712890625, 0.082275390625], [0, 0, 0], [0, 0, 0], [0, 0, 0], [0, 0, 0], [0, 0, 0], [0, 0, 0], [0, 0, 0], [0, 0, 0], [0, 0, 0], [0, 0, 0], [0, 0, 0], [0, 0, 0]];[[0.84686279296875, 0.15252685546875, 0.0006103515625], [0.80792236328125, 0.19189453125, 0.00018310546875], [0.70904541015625, 0.28955078125, 0.00140380859375], [0.896728515625, 0.1025390625, 0.000732421875], [0, 0, 0], [0, 0, 0], [0, 0, 0], [0, 0, 0], [0, 0, 0], [0, 0, 0], [0, 0, 0], [0, 0, 0], [0, 0, 0], [0, 0, 0], [0, 0, 0], [0, 0, 0]]
5.jpg;[[0.1221923828125, 0.08807373046875, 0.0753173828125, 0.07672119140625, 0.03704833984375, 0.5953369140625, 0.000732421875, 0.00457763671875], [0.0, 0.0, 0.0, 0.0, 0.0, 1.0, 0.0, 0.0], [0.0, 0.0, 0.0, 0.0, 0.0, 1.0, 0.0, 0.0], [0.0, 0.0, 0.0, 0.0, 0.0, 1.0, 0.0, 0.0], [0, 0, 0, 0, 0, 0, 0, 0], [0, 0, 0, 0, 0, 0, 0, 0], [0, 0, 0, 0, 0, 0, 0, 0], [0, 0, 0, 0, 0, 0, 0, 0], [0, 0, 0, 0, 0, 0, 0, 0], [0, 0, 0, 0, 0, 0, 0, 0], [0, 0, 0, 0, 0, 0, 0, 0], [0, 0, 0, 0, 0, 0, 0, 0], [0, 0, 0, 0, 0, 0, 0, 0], [0, 0, 0, 0, 0, 0, 0, 0], [0, 0, 0, 0, 0, 0, 0, 0], [0, 0, 0, 0, 0, 0, 0, 0]];[[0.546875, 0.45166015625, 0.00146484375], [0.03350830078125, 0.96624755859375, 0.000244140625], [0.06207275390625, 0.937255859375, 0.00067138671875], [0.24169921875, 0.7574462890625, 0.0008544921875], [0, 0, 0], [0, 0, 0], [0, 0, 0], [0, 0, 0], [0, 0, 0], [0, 0, 0], [0, 0, 0], [0, 0, 0], [0, 0, 0], [0, 0, 0], [0, 0, 0], [0, 0, 0]];[[0.06402587890625, 0.8121337890625, 0.12384033203125], [0.0003662109375, 0.65911865234375, 0.34051513671875], [0.0, 0.8377685546875, 0.1622314453125], [0.02593994140625, 0.71087646484375, 0.26318359375], [0, 0, 0], [0, 0, 0], [0, 0, 0], [0, 0, 0], [0, 0, 0], [0, 0, 0], [0, 0, 0], [0, 0, 0], [0, 0, 0], [0, 0, 0], [0, 0, 0], [0, 0, 0]]
